ts,HeadYaw,HeadPitch,HeadRoll,BrowDownLeft,BrowDownRight,BrowInnerUp,BrowOuterUpLeft,BrowOuterUpRight,CheekPuff,CheekSquintLeft,CheekSquintRight,EyeBlinkLeft,EyeBlinkRight,EyeLookDownLeft,EyeLookDownRight,EyeLookInLeft,EyeLookInRight,EyeLookOutLeft,EyeLookOutRight,EyeLookUpLeft,EyeLookUpRight,EyeSquintLeft,EyeSquintRight,EyeWideLeft,EyeWideRight,JawForward,JawLeft,JawOpen,JawRight,MouthClose,MouthDimpleLeft,MouthDimpleRight,MouthFrownLeft,MouthFrownRight,MouthFunnel,MouthLeft,MouthLowerDownLeft,MouthLowerDownRight,MouthPressLeft,MouthPressRight,MouthPucker,MouthRight,MouthRollLower,MouthRollUpper,MouthShrugLower,MouthShrugUpper,MouthSmileLeft,MouthSmileRight,MouthStretchLeft,MouthStretchRight,MouthUpperUpLeft,MouthUpperUpRight,NoseSneerLeft,NoseSneerRight,TongueOut,HeadYaw,HeadPitch,HeadRoll,LeftEyeYaw,LeftEyePitch,LeftEyeRoll,RightEyeYaw,RightEyePitch,RightEyeRoll
40,-0.07596313993483705,0.15205290015939132,-0.010570286246599545,1.3017352102906443e-06,1.3228651596364216e-06,0.9885865449905396,0.9886959195137024,0.9711861610412598,2.0609464627341367e-05,7.907768804216175e-07,9.077349432118353e-07,0.01237361691892147,0.0044958028011024,0.2941923141479492,0.29780489206314087,0.08654731512069702,0.11283495277166367,0.07103868573904037,0.043254222720861435,0.0418592244386673,0.02189559116959572,0.1308116763830185,0.053613923490047455,0.08691418915987015,0.16191166639328003,3.5014836612390354e-05,0.000964862818364054,0.6690282225608826,0.07588648796081543,0.026441426947712898,0.056398190557956696,0.01823476515710354,8.7020890759959e-07,2.1166699752939167e-06,0.10069557279348373,0.013827499933540821,0.0012423546286299825,0.0009971846593543887,0.00048555232933722436,0.0016917908797040582,0.9362902045249939,0.0030308652203530073,0.014109691604971886,0.02691584825515747,0.006968726869672537,0.0030330303125083447,4.270076715329196e-06,4.3282093429297674e-06,2.011304559346172e-06,7.772110984660685e-05,0.0002713985159061849,0.00015896208060439676,1.2364043868728913e-06,7.779532751328588e-08,0.0,-0.07596313993483705,0.15205290015939132,-0.010570286246599545,0.0,0.0,0.0,0.0,0.0,0.0
80,-0.08138667080573847,0.16090543073614744,0.0029159268069220146,6.072351652619545e-07,1.2666713473663549e-06,0.9841949343681335,0.9933868646621704,0.9743070602416992,1.9832443285849877e-05,6.810802801737736e-07,5.803220233246975e-07,0.03644334897398949,0.023546859622001648,0.6228921413421631,0.6098186373710632,0.10175301879644394,0.10236340761184692,0.06347424536943436,0.062032125890254974,0.009569106623530388,0.004618538077920675,0.08884721249341965,0.0774291530251503,0.032434333115816116,0.046794649213552475,5.0655726226978004e-05,0.0008173226960934699,0.6479324102401733,0.08515004068613052,0.04066752269864082,0.03368927538394928,0.04119514673948288,5.19834827628074e-07,8.890172580322542e-07,0.12797671556472778,0.007159313652664423,0.001457341481000185,0.0010548371355980635,0.0003551419358700514,0.0020280792377889156,0.9358469247817993,0.007712360471487045,0.009993189945816994,0.027016544714570045,0.0043738726526498795,0.0019040157785639167,7.176283361332025e-06,9.266494089388289e-06,2.8915158054587664e-06,4.6162647777237e-05,0.00028682342963293195,0.0002798251807689667,1.008934418678109e-06,5.3672451372221985e-08,0.0,-0.08138667080573847,0.16090543073614744,0.0029159268069220146,0.0,0.0,0.0,0.0,0.0,0.0
120,-0.05731793359488946,0.15831598008049352,0.02410541432621245,1.7633860807109158e-06,2.752480895651388e-06,0.9621613621711731,0.9849563241004944,0.9645988345146179,2.625543493195437e-05,3.3617874350966304e-07,5.983330311210011e-07,0.03743366152048111,0.027428077533841133,0.6819589138031006,0.6650702953338623,0.17329198122024536,0.056640639901161194,0.03125585988163948,0.1497548669576645,0.007370777893811464,0.0034276486840099096,0.13210056722164154,0.05636437237262726,0.035104069858789444,0.031959857791662216,6.089486851124093e-05,0.006683106534183025,0.7242857813835144,0.011743877083063126,0.05572155490517616,0.16046789288520813,0.0896914154291153,1.492039274353374e-07,2.2364156393450685e-07,0.2323308140039444,0.017247067764401436,0.0011333492584526539,0.0009876216063275933,0.0005813173484057188,0.0014860471710562706,0.954293429851532,0.004545766394585371,0.010667064227163792,0.027729259803891182,0.0033861426636576653,0.0014095663791522384,1.1417705536587164e-05,1.096439973480301e-05,2.8597314667422324e-06,1.0859069334401283e-05,0.0002702093042898923,0.00024123533512465656,6.184688459143217e-07,3.869415721169389e-08,0.0,-0.05731793359488946,0.15831598008049352,0.02410541432621245,0.0,0.0,0.0,0.0,0.0,0.0
160,-0.00918699723324079,0.15961801392325164,0.04306184053907058,5.525810138351517e-06,5.40835753781721e-06,0.9170532822608948,0.9543218612670898,0.9148774743080139,3.321229087305255e-05,3.0304414622150944e-07,6.02894715484581e-07,0.05085698142647743,0.02361968532204628,0.6338726282119751,0.6218152046203613,0.24324220418930054,0.045152485370635986,0.022941650822758675,0.20818045735359192,0.008160103112459183,0.005677009932696819,0.11328677088022232,0.05854077264666557,0.023556159809231758,0.03497554734349251,7.727732008788735e-05,0.039472099393606186,0.7517571449279785,0.0012348279124125838,0.06909111887216568,0.320058673620224,0.19512641429901123,1.7236733640402235e-07,2.1978307529479935e-07,0.2888772785663605,0.003161354921758175,0.0012054822873324156,0.0013346998021006584,0.0012975434074178338,0.002140842843800783,0.9069666862487793,0.021723421290516853,0.010920100845396519,0.03321387991309166,0.002568702446296811,0.0015027241315692663,3.730000389623456e-05,2.9806837119394913e-05,9.474154467170592e-06,7.364124940067995e-06,0.0004619851242750883,0.00042151438537985086,4.3512392267075484e-07,3.981764962190937e-08,0.0,-0.00918699723324079,0.15961801392325164,0.04306184053907058,0.0,0.0,0.0,0.0,0.0,0.0
200,-0.01697885720821546,0.1649965907683225,0.051498929760439745,8.764764061197639e-06,7.148531040002126e-06,0.8812184929847717,0.963746190071106,0.9516948461532593,3.290143285994418e-05,1.5993009583326057e-07,5.132345108904701e-07,0.07765412330627441,0.034603238105773926,0.5915055274963379,0.5735354423522949,0.22872759401798248,0.03554288297891617,0.023842159658670425,0.21535909175872803,0.010716437362134457,0.00734352832660079,0.130697563290596,0.06971002370119095,0.01739467680454254,0.02529594860970974,8.99543592822738e-05,0.02400585077702999,0.6950428485870361,0.002587397349998355,0.06561940163373947,0.4189320504665375,0.35146960616111755,2.835929180378116e-08,3.659082281615156e-08,0.4606971740722656,0.0011361943325027823,0.001524152117781341,0.0016752913361415267,0.0009667842532508075,0.002871351083740592,0.9039259552955627,0.07301726937294006,0.007523911073803902,0.07160855084657669,0.0006182353827171028,0.0005689672543667257,4.083273597643711e-05,5.704853174393065e-05,3.7037759739178e-06,5.909782885282766e-06,0.00014828106213826686,0.00018274296598974615,3.5947081755693944e-07,3.3977638480564565e-08,0.0,-0.01697885720821546,0.1649965907683225,0.051498929760439745,0.0,0.0,0.0,0.0,0.0,0.0
240,-0.021990372692868076,0.15260231032911264,0.028733042733725275,4.8993915697792545e-06,7.7443046393455e-06,0.8867397308349609,0.9789201617240906,0.9477980136871338,2.5617420760681853e-05,2.5898847866301367e-07,2.5527299385430524e-07,0.05252133309841156,0.031971465796232224,0.50690758228302,0.4953102171421051,0.12237203121185303,0.06099105253815651,0.04252220690250397,0.12414002418518066,0.014577769674360752,0.007535071112215519,0.1673586666584015,0.06359359622001648,0.024606021121144295,0.025290612131357193,4.42899799963925e-05,0.0030319620855152607,0.6496330499649048,0.005656236317008734,0.28578272461891174,0.025204196572303772,0.008541288785636425,3.117625340109953e-07,4.7061396912795317e-07,0.1516643613576889,0.003358743619173765,0.0008796887123025954,0.0010484647937119007,0.00034875667188316584,0.0004674182564485818,0.9603226780891418,0.014211506582796574,0.00366700510494411,0.011936385184526443,0.0023511515464633703,0.0012600980699062347,9.38735502131749e-06,7.105323675205e-06,6.134725026640808e-06,2.0247078282409348e-05,0.0006263804389163852,0.0004432991554494947,5.848964406141022e-07,3.8513981337473524e-08,0.0,-0.021990372692868076,0.15260231032911264,0.028733042733725275,0.0,0.0,0.0,0.0,0.0,0.0
280,-0.034797531613667054,0.14904194057848014,0.01932555295901632,3.6610585993912537e-06,9.189579031954054e-06,0.8979550004005432,0.9766995310783386,0.9242453575134277,2.942333958344534e-05,4.0755600139164017e-07,3.5993392089039844e-07,0.0496794767677784,0.04808066785335541,0.45474642515182495,0.44811683893203735,0.06367551535367966,0.08720936626195908,0.08771607279777527,0.07353175431489944,0.022073596715927124,0.008089658804237843,0.25723180174827576,0.09426858276128769,0.021177412942051888,0.01894034631550312,3.367043609614484e-05,0.003978258464485407,0.6350532174110413,0.0017576655372977257,0.24090884625911713,0.009275788441300392,0.0041604675352573395,2.25176768253732e-06,3.650157168522128e-06,0.05148885026574135,0.0022023324854671955,0.0008518337272107601,0.0010709647322073579,0.0009239294449798763,0.0010398830054327846,0.8997877836227417,0.01587732881307602,0.003778115613386035,0.005637830588966608,0.008288047276437283,0.0028495166916400194,1.3829047020408325e-05,1.0527806807658635e-05,1.8247108528157696e-05,0.00017028562433551997,0.002309504896402359,0.0017304766224697232,1.0264218417432858e-06,8.40401384039069e-08,0.0,-0.034797531613667054,0.14904194057848014,0.01932555295901632,0.0,0.0,0.0,0.0,0.0,0.0
320,-0.0930262670216695,0.15135346319329396,0.019531684328808988,3.703472202687408e-06,1.2655357750190888e-05,0.8814922571182251,0.9807943105697632,0.9197672605514526,2.8604064937098883e-05,6.664671445832937e-07,2.9977132953717955e-07,0.0452389121055603,0.0418071448802948,0.44247883558273315,0.4234054684638977,0.08013414591550827,0.06679780036211014,0.07003039866685867,0.09054896980524063,0.02011721581220627,0.009050494059920311,0.21257895231246948,0.09157295525074005,0.023251714184880257,0.019196366891264915,2.968630360555835e-05,0.0007186699076555669,0.5677716732025146,0.012652588076889515,0.23909629881381989,0.003915686625987291,0.0026248071808367968,6.879923148517264e-06,9.80534969130531e-06,0.043774887919425964,0.0020673247054219246,0.000797765445895493,0.000854682584758848,0.0008264768403023481,0.001074907137081027,0.8810758590698242,0.01222528051584959,0.006093136966228485,0.006475341506302357,0.013783704489469528,0.004829226993024349,1.036402682075277e-05,8.204181540349964e-06,2.691921872610692e-05,0.00014665709750261158,0.0015811800258234143,0.0010664312867447734,8.734315315450658e-07,1.0081565449127083e-07,0.0,-0.0930262670216695,0.15135346319329396,0.019531684328808988,0.0,0.0,0.0,0.0,0.0,0.0
360,-0.17954823661300434,0.08501215144768197,-0.011330476763080286,4.394092229631497e-06,1.6546531696803868e-05,0.8426522612571716,0.9792830348014832,0.9238719344139099,4.2675903387134895e-05,7.497022238567297e-07,1.0586909411358647e-06,0.020017853006720543,0.0591525100171566,0.3046349585056305,0.32480448484420776,0.005579086951911449,0.4335636496543884,0.4301624000072479,0.012369508855044842,0.03797778859734535,0.015728529542684555,0.19574527442455292,0.07144791632890701,0.037445876747369766,0.02050696685910225,6.391204078681767e-05,0.00028998273774050176,0.4096319079399109,0.018811585381627083,0.06946312636137009,0.0105754928663373,0.0007648435421288013,4.765205449075438e-05,5.4528714827029034e-05,0.027815280482172966,0.0014369895216077566,0.0004938379279337823,0.0020261132158339024,0.010958269238471985,0.00045121944276615977,0.701447606086731,0.007281500846147537,0.01112251728773117,0.00538447592407465,0.015938840806484222,0.002547615673393011,2.436289105389733e-05,5.20827097716392e-06,0.00018943165196105838,0.00029893385362811387,0.0006459628930315375,0.00017109501641243696,1.7629371313887532e-06,1.746729623164356e-07,0.0,-0.17954823661300434,0.08501215144768197,-0.011330476763080286,0.0,0.0,0.0,0.0,0.0,0.0
400,-0.2439800094292257,0.11233839444463684,0.0013052112189273143,4.559160515782423e-06,1.1784104572143406e-05,0.8740091323852539,0.9751976728439331,0.9366341233253479,3.31558367179241e-05,5.079652964923298e-07,7.266204420375288e-07,0.032697562128305435,0.04851435497403145,0.33873340487480164,0.32998257875442505,0.008988222107291222,0.4197423458099365,0.41498130559921265,0.012853664346039295,0.03209672123193741,0.016856668516993523,0.1613491177558899,0.10039651393890381,0.029129914939403534,0.02322811260819435,5.432815305539407e-05,0.00018820328114088625,0.48280876874923706,0.031483277678489685,0.14273497462272644,0.006834530271589756,0.0007848761160857975,2.9627926778630354e-05,3.6018547689309344e-05,0.017014935612678528,0.0021922667510807514,0.0005919864634051919,0.0023434744216501713,0.003729878691956401,0.0002942964783869684,0.7718318700790405,0.004578849300742149,0.006981379352509975,0.005740403197705746,0.01152042020112276,0.002153427107259631,1.23187401186442e-05,3.9711308090772945e-06,9.870124631561339e-05,0.0002905303845182061,0.0006597992614842951,0.00023501792747993022,1.196885023091454e-06,1.0786686743813334e-07,0.0,-0.2439800094292257,0.11233839444463684,0.0013052112189273143,0.0,0.0,0.0,0.0,0.0,0.0
440,-0.29568820079686087,0.0461531927013052,-0.03292903541866301,1.8443911358190235e-06,1.274695296160644e-05,0.9301000833511353,0.9782699942588806,0.9317688345909119,4.8536152462475e-05,6.544054826918e-07,1.7116315120802028e-06,0.022031493484973907,0.04611023887991905,0.15851154923439026,0.2571486830711365,0.005769293289631605,0.4069449305534363,0.4478760361671448,0.016620533540844917,0.07994165271520615,0.02785390429198742,0.24582812190055847,0.08623629808425903,0.038818638771772385,0.026333073154091835,8.483053534291685e-05,0.0002882445405703038,0.43234020471572876,0.03545231744647026,0.06784205883741379,0.04472615197300911,0.0005940767005085945,1.9372273527551442e-05,2.8657581424340606e-05,0.026763834059238434,0.015552553348243237,0.00043306429870426655,0.0028212484903633595,0.008281821385025978,0.0001569952437421307,0.7846757173538208,0.0008305992232635617,0.007435787934809923,0.00867525115609169,0.008551904000341892,0.0023248030338436365,1.9497378161759116e-05,2.53960138252296e-06,7.814798300387338e-05,0.00026581407291814685,0.000505182717461139,8.071502816164866e-05,2.3542033886769786e-06,1.7732166668338323e-07,0.0,-0.29568820079686087,0.0461531927013052,-0.03292903541866301,0.0,0.0,0.0,0.0,0.0,0.0
480,-0.31279479576340785,0.055543453254679936,-0.04438771809623185,1.340502535640553e-06,7.808243935869541e-06,0.9591786861419678,0.9815698266029358,0.9339544177055359,0.00011381309013813734,1.2049455335727544e-06,3.2848524824657943e-06,0.03056471049785614,0.042901646345853806,0.12219581753015518,0.28373634815216064,0.004608543589711189,0.45231178402900696,0.5414392352104187,0.01872367225587368,0.11004731804132462,0.030239854007959366,0.2873366177082062,0.06755992025136948,0.03166892006993294,0.03378548100590706,0.00011728717072401196,0.0006291536265052855,0.789906919002533,0.05171699821949005,0.2734278440475464,0.21289271116256714,0.0015032573137432337,1.0326919436920434e-05,1.9212724509998225e-05,0.0216965489089489,0.004411187022924423,0.0006918773287907243,0.007950426079332829,0.029320484027266502,0.00019174844783265144,0.7027376890182495,0.006153905298560858,0.015192766673862934,0.012613908387720585,0.01332591101527214,0.0022566067054867744,2.6881431040237658e-05,2.3630004761798773e-06,2.638568366819527e-05,0.0001574083580635488,0.00031518470495939255,2.3170701751951128e-05,2.9560119401139673e-06,2.879449425563507e-07,0.0,-0.31279479576340785,0.055543453254679936,-0.04438771809623185,0.0,0.0,0.0,0.0,0.0,0.0
520,-0.27473099298391745,0.05989873217371798,-0.027798125779744203,2.199846903749858e-06,9.626479368307628e-06,0.9435838460922241,0.9804443120956421,0.9300525188446045,5.6156361097237095e-05,8.42245015064691e-07,2.1856249077245593e-06,0.025354288518428802,0.03974608704447746,0.16639403998851776,0.26220783591270447,0.007938208989799023,0.38949260115623474,0.4325098693370819,0.017521027475595474,0.0798068419098854,0.02568414993584156,0.23914049565792084,0.07589733600616455,0.035997845232486725,0.03309853374958038,7.722795999143273e-05,0.0006115288124419749,0.6910735368728638,0.04468801990151405,0.15366022288799286,0.1256052404642105,0.0013121601659804583,1.0591419595584739e-05,2.1669398847734556e-05,0.0326257199048996,0.01200109627097845,0.0005317084724083543,0.003917789086699486,0.006904272828251123,0.00015557656297460198,0.8931875824928284,0.002199446316808462,0.014606224372982979,0.01449674554169178,0.012034783139824867,0.0017712722765281796,6.9991838245186955e-06,9.64101900535752e-07,1.5837655155337416e-05,0.00018129326053895056,0.0002616482088342309,2.9301394533831626e-05,2.828561036949395e-06,1.808943608239133e-07,0.0,-0.27473099298391745,0.05989873217371798,-0.027798125779744203,0.0,0.0,0.0,0.0,0.0,0.0
560,-0.24348056757862135,0.09205645744489269,0.011224172990427064,4.403073035064153e-06,1.2400634659570642e-05,0.9067684412002563,0.978600800037384,0.9329315423965454,2.2591677407035604e-05,8.353208613698371e-07,9.668724487710278e-07,0.03762665018439293,0.03729524463415146,0.351325660943985,0.3339165151119232,0.013893471099436283,0.31779566407203674,0.3258598744869232,0.018767347559332848,0.028646260499954224,0.016987428069114685,0.14738544821739197,0.13126470148563385,0.023079905658960342,0.04204024747014046,4.3879794247914106e-05,0.0002221473987447098,0.5959353446960449,0.06555518507957458,0.16619625687599182,0.026388918980956078,0.0005597068811766803,1.606447585800197e-05,3.0464379960903898e-05,0.03526250645518303,0.005683023948222399,0.00040651147719472647,0.0015787752345204353,0.0021388523746281862,0.00011186164192622527,0.9392374157905579,0.0036859281826764345,0.009602800942957401,0.01259669754654169,0.008922756649553776,0.0012551210820674896,2.6159646040468942e-06,5.274020509205002e-07,2.556634171924088e-05,0.0001692919322522357,0.00020855231559835374,3.221453880541958e-05,1.6827873423608253e-06,1.2156469608726184e-07,0.0,-0.24348056757862135,0.09205645744489269,0.011224172990427064,0.0,0.0,0.0,0.0,0.0,0.0
600,-0.2032858360550729,0.0934464207900688,0.055570625484170424,6.214376753632678e-06,2.1962705432088114e-05,0.8820670247077942,0.9650878310203552,0.8862149119377136,5.489225804922171e-05,4.7456339302698325e-07,4.963639526067709e-07,0.11841846257448196,0.13688747584819794,0.18095682561397552,0.20345370471477509,0.016951831057667732,0.28434282541275024,0.29232290387153625,0.019250178709626198,0.06003587692975998,0.03434246405959129,0.32887786626815796,0.17530447244644165,0.011134224012494087,0.007234000135213137,0.00013027904788032174,0.0004073763557244092,0.5988020300865173,0.014353190548717976,0.43133336305618286,0.01848253607749939,0.0003883834870066494,1.698516462056432e-05,2.878974555642344e-05,0.027335017919540405,0.013896234333515167,0.0020017484202980995,0.007370216306298971,0.0027130316011607647,0.00021257434855215251,0.8860446214675903,0.0006451938534155488,0.006535604130476713,0.005890212021768093,0.002386790234595537,0.0003287559957243502,6.327860774035798e-06,1.3219608945291839e-06,4.756584166898392e-05,0.00017183725140057504,0.0002719092299230397,2.3182195945992135e-05,1.6061604810602148e-06,9.866526795576647e-08,0.0,-0.2032858360550729,0.0934464207900688,0.055570625484170424,0.0,0.0,0.0,0.0,0.0,0.0
640,-0.19195332679131583,0.08528169568523286,0.055113185289267584,7.823300620657392e-06,3.40421793225687e-05,0.8231764435768127,0.9621928334236145,0.8671404719352722,4.587126386468299e-05,5.993261993353372e-07,8.775661513027444e-07,0.12693150341510773,0.08190526068210602,0.25159433484077454,0.26258236169815063,0.01291640941053629,0.25511300563812256,0.27875208854675293,0.02885816991329193,0.03801877796649933,0.02586163766682148,0.265832781791687,0.15921200811862946,0.00946811307221651,0.01227494701743126,9.037661948241293e-05,0.0007673673680983484,0.6038351058959961,0.007904427126049995,0.42720159888267517,0.019839582964777946,0.00016037079330999404,1.5736302884761244e-05,2.8863310944871046e-05,0.030593425035476685,0.00911702960729599,0.0007632389315403998,0.004594600293785334,0.004680456127971411,0.00014178101264405996,0.9030916690826416,0.0014642963651567698,0.005226287990808487,0.00590013200417161,0.004374478943645954,0.00109584117308259,8.25456572783878e-06,1.28715123537404e-06,6.107492663431913e-05,0.00021596236911136657,0.00036337130586616695,4.370472379378043e-05,1.7192879795402405e-06,1.6379284772938263e-07,0.0,-0.19195332679131583,0.08528169568523286,0.055113185289267584,0.0,0.0,0.0,0.0,0.0,0.0
680,-0.18289135507005305,0.06038630968841246,0.0734547644027744,1.442123539163731e-05,3.567818566807546e-05,0.7524447441101074,0.9423912763595581,0.8729245066642761,3.994470898760483e-05,9.985312772187172e-07,1.2738660188915674e-06,0.15850916504859924,0.09972887486219406,0.25075873732566833,0.2387653887271881,0.010371332988142967,0.33661991357803345,0.3440440595149994,0.018236691132187843,0.03756911680102348,0.03554612770676613,0.25057801604270935,0.2639463245868683,0.006624775007367134,0.01128977257758379,7.644936704309657e-05,0.0008386607514694333,0.5870305299758911,0.004427471663802862,0.39226043224334717,0.018095647916197777,4.617510785465129e-05,0.00017207712517119944,0.0003597169416025281,0.014103769324719906,0.008107250556349754,0.0006235874607227743,0.003539716824889183,0.008071751333773136,0.00012315454659983516,0.8010523915290833,0.0006777711678296328,0.006042674649506807,0.003996675834059715,0.009881558828055859,0.002287040464580059,1.2650325516005978e-05,1.4821248441876378e-06,0.0002433376939734444,0.0007605869323015213,0.0007328221690841019,7.12000546627678e-05,2.027243681368418e-06,3.318675680930028e-07,0.0,-0.18289135507005305,0.06038630968841246,0.0734547644027744,0.0,0.0,0.0,0.0,0.0,0.0
720,-0.20333464782719757,0.05314387044050653,0.09006301767826436,2.4599177777417935e-05,4.111155794817023e-05,0.6358189582824707,0.9059693217277527,0.8504245281219482,5.945347584201954e-05,6.996942829573527e-07,1.5952654166540015e-06,0.15264342725276947,0.11420073360204697,0.17726118862628937,0.19622963666915894,0.018481694161891937,0.24927566945552826,0.24825917184352875,0.023016255348920822,0.05360126122832298,0.04501654952764511,0.3609512448310852,0.2683889865875244,0.006137577351182699,0.007322168443351984,0.00010051060235127807,0.00042879802640527487,0.4753556549549103,0.0038948170840740204,0.14077983796596527,0.05258437246084213,3.400749483262189e-05,0.000570752308703959,0.0013508572010323405,0.007923797704279423,0.03866002708673477,0.0006971482653170824,0.004106300882995129,0.017239786684513092,0.00018814171198755503,0.42991822957992554,4.954094038112089e-05,0.0042724087834358215,0.002248839708045125,0.012126737274229527,0.0038152188062667847,9.747650619829074e-05,1.217524641106138e-05,0.001091417740099132,0.004316966515034437,0.007713696453720331,0.0006226069526746869,2.7660303203447256e-06,4.2796838783942803e-07,0.0,-0.20333464782719757,0.05314387044050653,0.09006301767826436,0.0,0.0,0.0,0.0,0.0,0.0
760,-0.233533629303059,0.05339198131427613,0.08616578847497566,1.3760284673480783e-05,0.00011212808749405667,0.545723557472229,0.9248383045196533,0.79804927110672,0.000183720127097331,6.794272735533013e-07,2.9443415314744925e-06,0.11465926468372345,0.07098110765218735,0.18361638486385345,0.21232962608337402,0.007504037115722895,0.41905584931373596,0.4112062156200409,0.009078784845769405,0.04613650590181351,0.03445690497756004,0.4049004316329956,0.15273743867874146,0.006856302265077829,0.010296516120433807,0.00028338225092738867,0.00019481053459458053,0.509183943271637,0.011678504757583141,0.029398437589406967,0.277648389339447,6.742884579580277e-05,0.0019025384681299329,0.0032069524750113487,0.008293558843433857,0.04354563727974892,0.0015334965428337455,0.018275568261742592,0.06939398497343063,0.00019951746799051762,0.059217602014541626,1.333200816588942e-05,0.00145126658026129,0.0016687375027686357,0.0038902428932487965,0.005341954063624144,0.003128340933471918,0.00021289748838171363,0.011092640459537506,0.004678251221776009,0.0321526825428009,0.0022736606188118458,4.472385171538917e-06,9.187837122226483e-07,0.0,-0.233533629303059,0.05339198131427613,0.08616578847497566,0.0,0.0,0.0,0.0,0.0,0.0
800,-0.2522781162399519,0.0416898587945982,0.08208011624274344,1.3300627870194148e-05,8.552867075195536e-05,0.614513635635376,0.9287027716636658,0.7820634245872498,0.00023863953538239002,7.082439310579502e-07,2.8624519927689107e-06,0.11143570393323898,0.06380617618560791,0.16063016653060913,0.18961498141288757,0.008018219843506813,0.4172285497188568,0.4064632058143616,0.009911559522151947,0.05176694691181183,0.040200795978307724,0.3956799805164337,0.16185401380062103,0.007134660612791777,0.010881952941417694,0.00036774767795577645,9.569556277710944e-05,0.5343017578125,0.034941405057907104,0.014756575226783752,0.28492286801338196,9.603242506273091e-05,0.0029818324837833643,0.004000070970505476,0.006346777081489563,0.06955013424158096,0.0030324577819556,0.03759459778666496,0.08140605688095093,0.0003027213679160923,0.026657134294509888,5.2516434152494185e-06,0.0012196209281682968,0.0018468289636075497,0.0031626098789274693,0.006708595436066389,0.006934903562068939,0.0005033897468820214,0.022439569234848022,0.004671262111514807,0.04047483205795288,0.0048589021898806095,5.395046173362061e-06,9.979315791497356e-07,0.0,-0.2522781162399519,0.0416898587945982,0.08208011624274344,0.0,0.0,0.0,0.0,0.0,0.0
840,-0.26924267433583204,0.02755666436392901,0.07778364903699006,1.3088792911730707e-05,0.00011997368710581213,0.5890918970108032,0.907844066619873,0.7556641101837158,0.0003129868127871305,8.377197673326009e-07,3.0386220259970287e-06,0.061809346079826355,0.044200509786605835,0.17093421518802643,0.2021380364894867,0.0033018491230905056,0.5919857025146484,0.5820504426956177,0.005495404824614525,0.05052650719881058,0.03692453354597092,0.3988237679004669,0.137036994099617,0.011533917859196663,0.015997696667909622,0.0003947072837036103,0.00026689714286476374,0.5345760583877563,0.02027464471757412,0.011453520506620407,0.3019140958786011,0.0002673048584256321,0.0027588920202106237,0.0031712488271296024,0.005821066442877054,0.11093593388795853,0.0038106602150946856,0.025867795571684837,0.06757492572069168,0.00039268608088605106,0.018710695207118988,3.257183152527432e-06,0.0012327560689300299,0.0014285016804933548,0.0029502238612622023,0.010887080803513527,0.0230498518794775,0.0016802494646981359,0.031220529228448868,0.003016700269654393,0.029784204438328743,0.004682337865233421,5.007123036193661e-06,1.342434188700281e-06,0.0,-0.26924267433583204,0.02755666436392901,0.07778364903699006,0.0,0.0,0.0,0.0,0.0,0.0
880,-0.24473969502689874,0.032972817579223324,0.0741009552801472,1.2764275197696406e-05,8.674662240082398e-05,0.5650876760482788,0.9096027612686157,0.7453655004501343,0.00018010185158345848,5.555100415222114e-07,2.769757429632591e-06,0.07081815600395203,0.04110756143927574,0.17892339825630188,0.2023572325706482,0.0047922320663928986,0.5171718597412109,0.5133581161499023,0.0062528010457754135,0.04759674519300461,0.03412347286939621,0.3623111844062805,0.14258074760437012,0.010017122142016888,0.014588164165616035,0.00024943792959675193,0.00048582549788989127,0.541201114654541,0.009915740229189396,0.02732122130692005,0.44634056091308594,0.0004888831172138453,0.00033157982397824526,0.0005456951330415905,0.006261375267058611,0.03968637064099312,0.0012566718505695462,0.008095563389360905,0.060267575085163116,0.0006617318722419441,0.028258653357625008,2.249958924949169e-05,0.0014429815346375108,0.0023877155035734177,0.003595091635361314,0.009512722492218018,0.015376859344542027,0.001879746443592012,0.005762189161032438,0.00300018978305161,0.016637111082673073,0.0027379051316529512,3.0518119729094906e-06,7.231886911540641e-07,0.0,-0.24473969502689874,0.032972817579223324,0.0741009552801472,0.0,0.0,0.0,0.0,0.0,0.0
920,-0.22743905211103543,0.05892880133629061,0.07147757269475771,7.627619197592139e-05,0.000991986715234816,0.20330719649791718,0.8532119393348694,0.5408668518066406,0.0003642855735961348,7.159176220739027e-07,1.4206881360223633e-06,0.07011045515537262,0.03131813928484917,0.22169727087020874,0.22526714205741882,0.00795798096805811,0.4311152398586273,0.4396476149559021,0.00827223900705576,0.04413055628538132,0.038494281470775604,0.3119535446166992,0.20756638050079346,0.008873753249645233,0.028575843200087547,0.00027118693105876446,0.0004735608526971191,0.8876003623008728,0.025679878890514374,0.005652905907481909,0.15293294191360474,0.007486751303076744,0.0007954046595841646,0.000597296399064362,0.015116119757294655,0.005189361050724983,0.008272184059023857,0.020467307418584824,0.05460512265563011,0.003479668637737632,0.0057398853823542595,9.725673589855433e-05,0.0005557872937060893,0.0022963520605117083,0.0010135777993127704,0.009388069622218609,0.18541859090328217,0.05213632807135582,0.041834983974695206,0.0017235035775229335,0.022648561745882034,0.009356777183711529,2.0956861135346116e-06,1.3580057611761731e-06,0.0,-0.22743905211103543,0.05892880133629061,0.07147757269475771,0.0,0.0,0.0,0.0,0.0,0.0
960,-0.19857590398419034,0.02185371866799945,0.06736196340527845,0.0001657031971262768,0.0007432205020450056,0.19236575067043304,0.8303525447845459,0.6791526675224304,0.0007996353670023382,8.179402470886998e-07,6.210433411979466e-07,0.09025213867425919,0.06205085664987564,0.11383657902479172,0.13084137439727783,0.00817837379872799,0.47296202182769775,0.4709947407245636,0.006604558788239956,0.100019171833992,0.08258151262998581,0.3952995240688324,0.24252061545848846,0.007411936763674021,0.017407558858394623,0.00037684390554204583,0.0006604100926779211,0.939154326915741,0.01388868223875761,0.0022634139750152826,0.18675601482391357,0.06111971288919449,0.0032689464278519154,0.0019042805070057511,0.009464956820011139,0.0009723553666844964,0.03790745511651039,0.07628987729549408,0.02830701693892479,0.00307778874412179,0.0023071765899658203,0.00016581208910793066,0.0011957461247220635,0.0025240667164325714,0.0008876504725776613,0.008032803423702717,0.10956292599439621,0.03891172632575035,0.02886100858449936,0.0009087745565921068,0.031102284789085388,0.015863260254263878,2.157979224648443e-06,1.3362916888581822e-06,0.0,-0.19857590398419034,0.02185371866799945,0.06736196340527845,0.0,0.0,0.0,0.0,0.0,0.0
1000,-0.18896650605752008,0.041052450575434815,0.06894290180947375,0.0001587657752679661,0.0007674474036321044,0.11351024359464645,0.840088427066803,0.6616255044937134,0.00028679228853434324,3.4075387134180346e-07,6.702909445266414e-07,0.08922836184501648,0.06530413776636124,0.11084999889135361,0.1488191783428192,0.011605598032474518,0.4286598861217499,0.43969738483428955,0.005762227810919285,0.09449078887701035,0.06593814492225647,0.43801936507225037,0.22795183956623077,0.007349248975515366,0.015470835380256176,0.0001851023407652974,0.00077151192817837,0.9140400290489197,0.006780458148568869,0.007994432002305984,0.18881264328956604,0.015161832794547081,0.0009271941380575299,0.0007550008594989777,0.005398114677518606,0.0007837124285288155,0.006564105395227671,0.021455492824316025,0.04614308476448059,0.0015939129516482353,0.0064516374841332436,0.0004961030790582299,0.003071193117648363,0.0047232662327587605,0.0011500670807436109,0.0016312591033056378,0.012317969463765621,0.0027319774962961674,0.006465525832027197,0.0005737500032410026,0.0014537569368258119,0.00035496067721396685,1.4191484751790995e-06,6.191557417878357e-07,0.0,-0.18896650605752008,0.041052450575434815,0.06894290180947375,0.0,0.0,0.0,0.0,0.0,0.0
1040,-0.19080612426837829,0.04686932887144935,0.05660931875970145,0.00013217802916187793,0.0005229782545939088,0.18848317861557007,0.8672682642936707,0.8003721237182617,0.00012171157140983269,2.839762203166174e-07,7.831376365174947e-07,0.09681541472673416,0.09574104845523834,0.10087785869836807,0.1608389914035797,0.009993293322622776,0.38530436158180237,0.3954460024833679,0.01100309006869793,0.08464094996452332,0.05302400141954422,0.3967973291873932,0.24068579077720642,0.010364235378801823,0.00912489928305149,2.9856822948204353e-05,0.000300439860438928,0.833299994468689,0.017496829852461815,0.19237370789051056,0.010214520618319511,0.0001988660078495741,0.0004209445614833385,0.00044885286479257047,0.00033915191306732595,0.004885540343821049,0.000583017710596323,0.0027130162343382835,0.03718624264001846,0.000596400408539921,0.15683700144290924,0.0007249414920806885,0.05661884322762489,0.01805395632982254,0.07074295729398727,0.0006053220713511109,2.0298293748055585e-05,2.1998573629389284e-06,0.0006402273429557681,0.000178209797013551,0.0002919576072599739,5.438247899292037e-05,1.2069419881299837e-06,1.8784831468110497e-07,0.0,-0.19080612426837829,0.04686932887144935,0.05660931875970145,0.0,0.0,0.0,0.0,0.0,0.0
1080,-0.16975188855428236,0.006199925381335382,0.05580185334664129,0.00010649769683368504,0.0003532184928189963,0.3259525001049042,0.880646824836731,0.7725691795349121,5.6343083997489884e-05,1.4354840232044808e-06,1.2646556797335506e-06,0.08810443431138992,0.12111029028892517,0.11270292103290558,0.16257523000240326,0.01067113596946001,0.3004666864871979,0.3040965497493744,0.02188444882631302,0.07608746737241745,0.054282162338495255,0.38138073682785034,0.24874961376190186,0.009723566472530365,0.007891946472227573,3.500892489682883e-05,0.0013554998440667987,0.5507835149765015,0.001853465219028294,0.41869619488716125,0.005883645731955767,2.7195545044378377e-05,0.004136265255510807,0.004921401385217905,0.0037729127798229456,0.02083403244614601,0.00019144262478221208,0.001224711537361145,0.009535100311040878,9.220396896125749e-05,0.7978866696357727,0.00023602621513418853,0.02739577367901802,0.0035187220200896263,0.0970596894621849,0.00990675576031208,7.552554052381311e-06,5.825361313327448e-07,0.0011880213860422373,0.0005023384001106024,0.000331144779920578,7.761060260236263e-05,1.9005532294613658e-06,6.197282118591829e-07,0.0,-0.16975188855428236,0.006199925381335382,0.05580185334664129,0.0,0.0,0.0,0.0,0.0,0.0
1120,-0.16247958478252578,0.027027652612333905,0.058524754965489464,6.921753811184317e-05,0.0003709302400238812,0.35450479388237,0.878969669342041,0.6909496784210205,5.672386032529175e-05,8.845645993460494e-07,1.4548573972206214e-06,0.08851493895053864,0.07839198410511017,0.1419602930545807,0.17519383132457733,0.011721903458237648,0.29621484875679016,0.28800642490386963,0.016930658370256424,0.055242277681827545,0.04910092055797577,0.29887330532073975,0.2612032890319824,0.008784989826381207,0.00953418668359518,6.353569915518165e-05,0.0015738426009193063,0.5672557353973389,0.0016967179253697395,0.3554113805294037,0.009746353141963482,2.8244012355571613e-05,0.0016528274863958359,0.0019225304713472724,0.011106014251708984,0.01924319379031658,0.00048127525951713324,0.003989432938396931,0.016188040375709534,0.00016636637155897915,0.6275166869163513,0.00013706770550925285,0.007777017075568438,0.0023057020734995604,0.026353826746344566,0.006433900445699692,2.878834493458271e-05,2.7243104341323487e-06,0.0021387890446931124,0.0005667548975907266,0.0007831872208043933,0.00021672229922842234,1.4942094139769324e-06,4.884239501734555e-07,0.0,-0.16247958478252578,0.027027652612333905,0.058524754965489464,0.0,0.0,0.0,0.0,0.0,0.0
1160,-0.1834496882260539,0.018471322679447476,0.04514295347238471,0.00010064448724733666,0.0007022748468443751,0.24177558720111847,0.7971636056900024,0.5908852815628052,0.00010850375110749155,4.5778284629705013e-07,2.167902948713163e-06,0.06386168301105499,0.027920639142394066,0.16688448190689087,0.19608448445796967,0.023171473294496536,0.20513221621513367,0.1971772313117981,0.020005816593766212,0.045467983931303024,0.03466257452964783,0.3351162075996399,0.10948070138692856,0.010572679340839386,0.015506203286349773,0.0001125497292377986,0.0008362034568563104,0.534361720085144,0.003007102757692337,0.09182053804397583,0.016402563080191612,0.00013502442743629217,0.0008826440898701549,0.0010043760994449258,0.006900768727064133,0.016741547733545303,0.0011082771234214306,0.006606411188840866,0.08233509957790375,0.0024455145467072725,0.059474509209394455,7.722596637904644e-05,0.002761594485491514,0.0016481423517689109,0.009629004634916782,0.00492469035089016,0.0010864387731999159,0.0002218728477600962,0.00814060214906931,0.003244222141802311,0.0026700180023908615,0.0006408243789337575,2.0187683276162716e-06,5.40481778443791e-07,0.0,-0.1834496882260539,0.018471322679447476,0.04514295347238471,0.0,0.0,0.0,0.0,0.0,0.0
1200,-0.19118560803998252,0.03544553564505271,0.03720286968862891,5.495767618413083e-05,0.0010020402260124683,0.18041035532951355,0.8543679714202881,0.5614416599273682,0.0001399911125190556,4.859012392444129e-07,1.7079707959055668e-06,0.08975536376237869,0.055289629846811295,0.1596834659576416,0.17034311592578888,0.027156826108694077,0.22006940841674805,0.21880343556404114,0.016636643558740616,0.05301465094089508,0.04897267371416092,0.3020796477794647,0.26298487186431885,0.006343788933008909,0.010480435565114021,0.00022040284238755703,0.0007788878865540028,0.6192521452903748,0.0026947716251015663,0.06665056198835373,0.021763941273093224,0.0008281158516183496,0.0004147909057792276,0.0004018771287519485,0.010841143317520618,0.02041442133486271,0.0023158653639256954,0.007579433266073465,0.07170388102531433,0.007194687146693468,0.019793855026364326,4.6780322008999065e-05,0.0014558607945218682,0.0014252084074541926,0.0020109324250370264,0.003156534628942609,0.023569690063595772,0.007670708000659943,0.0296622421592474,0.007756531238555908,0.002877614926546812,0.0010800192831084132,1.3343357068151818e-06,5.454642177937785e-07,0.0,-0.19118560803998252,0.03544553564505271,0.03720286968862891,0.0,0.0,0.0,0.0,0.0,0.0
1240,-0.19186158444661316,0.029519917556749136,0.03806978549934077,4.77499925182201e-05,0.000607180641964078,0.23941394686698914,0.8561062812805176,0.6574586629867554,0.0001978434156626463,6.282268145696435e-07,2.352398951188661e-06,0.09203723818063736,0.045692890882492065,0.09995993226766586,0.11230757087469101,0.025593427941203117,0.22782652080059052,0.2360507845878601,0.017125418409705162,0.09193052351474762,0.08001381158828735,0.3451506197452545,0.1902531385421753,0.006553837563842535,0.013979398645460606,0.00020809310080949217,0.001058040652424097,0.6455265283584595,0.0018375436775386333,0.05474657565355301,0.02799549698829651,0.0012289973674342036,0.00036773766623809934,0.0004107610147912055,0.007326294202357531,0.020542537793517113,0.0018639154732227325,0.004044328350573778,0.05295739695429802,0.011718082241714,0.011271302588284016,3.581915734685026e-05,0.0014887780416756868,0.0019762141164392233,0.0028761716093868017,0.00632097152993083,0.19329199194908142,0.10181669145822525,0.06126181781291962,0.05069506913423538,0.007780396845191717,0.0035627069883048534,1.304622173847747e-06,7.754612170174369e-07,0.0,-0.19186158444661316,0.029519917556749136,0.03806978549934077,0.0,0.0,0.0,0.0,0.0,0.0
1280,-0.1784000436252866,0.0364322704353864,0.046856388373309084,6.121912156231701e-05,0.0007270267815329134,0.23977738618850708,0.8532872200012207,0.6404943466186523,0.00029673491371795535,5.680304866473307e-07,1.8195285065303324e-06,0.0636008083820343,0.03840397670865059,0.11703181266784668,0.13964693248271942,0.026692477986216545,0.2088111937046051,0.20942096412181854,0.020634202286601067,0.07639181613922119,0.06587448716163635,0.2708006203174591,0.15806283056735992,0.010344835929572582,0.017200084403157234,0.00019234484352637082,0.00045587634667754173,0.6621102094650269,0.0028451860416680574,0.04099826142191887,0.02638559602200985,0.0016456631710752845,0.0005398793146014214,0.0005914579960517585,0.003487367182970047,0.008091789670288563,0.0021892741788178682,0.004784428980201483,0.03600560128688812,0.009830432943999767,0.008676748722791672,6.92383327987045e-05,0.0015141555340960622,0.003711383556947112,0.0027947144117206335,0.004133995622396469,0.5225975513458252,0.3532700538635254,0.04853823035955429,0.05410589277744293,0.019004834815859795,0.011891528964042664,1.0891664032897097e-06,1.0343024996473105e-06,0.0,-0.1784000436252866,0.0364322704353864,0.046856388373309084,0.0,0.0,0.0,0.0,0.0,0.0
1320,-0.14818615424323123,0.024156805929005716,0.054156690143880325,7.70616316003725e-05,0.0010135507909581065,0.19669076800346375,0.8573945164680481,0.6128411293029785,0.00031373187084682286,5.867523782399076e-07,1.257940084542497e-06,0.07059232890605927,0.04025072976946831,0.13565275073051453,0.15636935830116272,0.07169768959283829,0.0967385470867157,0.07858593016862869,0.05112721398472786,0.06181102618575096,0.054951295256614685,0.2277168482542038,0.18034477531909943,0.00955535564571619,0.014125248417258263,0.0001724980102153495,0.00040905922651290894,0.630146324634552,0.003550721798092127,0.03617866337299347,0.02251870557665825,0.001939243171364069,0.00046764040598645806,0.0005192729295231402,0.002757800742983818,0.006381459999829531,0.00230271159671247,0.004396506585180759,0.028864892199635506,0.013100125826895237,0.008979208767414093,8.50536089274101e-05,0.001703942660242319,0.003994191996753216,0.0031015907879918814,0.004213470034301281,0.5894310474395752,0.49316173791885376,0.023818109184503555,0.042658813297748566,0.017600389197468758,0.012208644300699234,9.623308869777247e-07,1.1583924788283184e-06,0.0,-0.14818615424323123,0.024156805929005716,0.054156690143880325,0.0,0.0,0.0,0.0,0.0,0.0
1360,-0.14246128281197423,0.026707904626791297,0.053614925390769626,7.40871109883301e-05,0.0010365266352891922,0.23280532658100128,0.8424559235572815,0.5567408800125122,0.0002698069147299975,5.155578151061491e-07,7.327888624786283e-07,0.05939967930316925,0.04084812104701996,0.12631286680698395,0.144601508975029,0.1368415504693985,0.03951112926006317,0.03784207999706268,0.13285650312900543,0.06764499098062515,0.06189817190170288,0.2199113816022873,0.1611534059047699,0.011244301684200764,0.015034280717372894,0.00012739469821099192,0.0006260363734327257,0.5989558696746826,0.0020681647583842278,0.04444204643368721,0.013257907703518867,0.0037127924151718616,0.0001201910272357054,0.00011209859076188877,0.004001513123512268,0.003034616354852915,0.0019800662994384766,0.0030914065428078175,0.02886262536048889,0.015833577141165733,0.015567445196211338,0.00033945904579013586,0.0015407283790409565,0.0037993835285305977,0.0030722892843186855,0.005237982142716646,0.506464421749115,0.4455512762069702,0.01306215114891529,0.013692368753254414,0.012833995744585991,0.011155253276228905,7.152426633183495e-07,8.575791525800014e-07,0.0,-0.14246128281197423,0.026707904626791297,0.053614925390769626,0.0,0.0,0.0,0.0,0.0,0.0
1400,-0.1167837825473308,0.04926132820828951,0.06729868888637593,0.0001546297426102683,0.0032823006622493267,0.17465639114379883,0.8253257274627686,0.32524073123931885,0.00018180497863795608,2.996306989189179e-07,2.468871116434457e-07,0.03916729614138603,0.014177643693983555,0.1393766850233078,0.15333878993988037,0.12001923471689224,0.043671704828739166,0.04733459651470184,0.11382374167442322,0.06212729588150978,0.0572957769036293,0.16988247632980347,0.0863717645406723,0.020242907106876373,0.040939632803201675,8.729156252229586e-05,0.0005874264752492309,0.6900541186332703,0.0028475734870880842,0.05314146727323532,0.0065716104581952095,0.010214024223387241,1.5206651369226165e-05,1.297106882702792e-05,0.016551358625292778,0.0009778841631487012,0.00294089550152421,0.001999190542846918,0.008510790765285492,0.011654572561383247,0.07799168676137924,0.0026918924413621426,0.0007055996102280915,0.004839120898395777,0.0011588857742026448,0.003489343449473381,0.5074808597564697,0.5903871655464172,0.0019627839792519808,0.001414431375451386,0.010390658862888813,0.009442915208637714,3.8539846514140663e-07,4.925712460135401e-07,0.0,-0.1167837825473308,0.04926132820828951,0.06729868888637593,0.0,0.0,0.0,0.0,0.0,0.0
1440,-0.11236587886475813,0.06704786525651456,0.06857557256912845,0.00028536716126836836,0.004422440659254789,0.11839275807142258,0.7808425426483154,0.33890730142593384,0.000364301900845021,4.754961651087797e-07,7.454146953023155e-07,0.02067011408507824,0.00861136894673109,0.20439477264881134,0.24571259319782257,0.11747082322835922,0.044599633663892746,0.04513445496559143,0.11318220943212509,0.046253301203250885,0.03590453788638115,0.13621573150157928,0.05752182379364967,0.03164920210838318,0.06522232294082642,9.190788114210591e-05,0.0013237132225185633,0.8729758858680725,0.003357868641614914,0.010089044459164143,0.026223566383123398,0.01873171143233776,0.000299963605357334,0.00023078998492565006,0.011813288554549217,0.0012850367929786444,0.0025205565616488457,0.0034013171680271626,0.013869013637304306,0.00771630322560668,0.017201140522956848,0.0007899558986537158,0.0013481690548360348,0.004241711460053921,0.0024039745330810547,0.012406812980771065,0.3414115309715271,0.313717246055603,0.00659803906455636,0.0024226463865488768,0.022402696311473846,0.021359747275710106,6.580345370821306e-07,1.1269351034570718e-06,0.0,-0.11236587886475813,0.06704786525651456,0.06857557256912845,0.0,0.0,0.0,0.0,0.0,0.0
1480,-0.1314466697939023,0.07889873745606402,0.06786438427352068,0.000499962829053402,0.003004525788128376,0.10316986590623856,0.7699745893478394,0.46443215012550354,0.0009959271410480142,5.818703812110471e-07,1.930659436766291e-06,0.01218833215534687,0.008061045780777931,0.16868600249290466,0.23464857041835785,0.20499172806739807,0.02712741680443287,0.031564950942993164,0.19782793521881104,0.08336023986339569,0.042179226875305176,0.1873658448457718,0.034064214676618576,0.06785185635089874,0.0619921013712883,0.00034047855297103524,0.010720123536884785,0.9433599710464478,0.0013245411682873964,0.0028500210028141737,0.1842115968465805,0.20411819219589233,0.0017361546633765101,0.0016897601308301091,0.014197337441146374,0.00048641327884979546,0.028026094660162926,0.056762147694826126,0.01759956404566765,0.014471269212663174,0.0032875402830541134,0.0006456068949773908,0.004197601228952408,0.0047234282828867435,0.0012868605554103851,0.011733139865100384,0.08309080451726913,0.11825864017009735,0.002319921040907502,0.003916599787771702,0.01272918377071619,0.014247845858335495,1.7282225144299446e-06,2.7783235054812394e-06,0.0,-0.1314466697939023,0.07889873745606402,0.06786438427352068,0.0,0.0,0.0,0.0,0.0,0.0
1520,-0.16294960289534988,0.05237192850014937,0.0443975563122971,0.0002844116243068129,0.0011333016445860267,0.16648775339126587,0.9278242588043213,0.43415912985801697,0.00040263659320771694,3.416715230741829e-07,2.7795506412076065e-06,0.014385377056896687,0.012730567716062069,0.04143339395523071,0.3252980411052704,0.23543652892112732,0.38393139839172363,0.03323870897293091,0.010374770499765873,0.24337556958198547,0.027376672253012657,0.1665298491716385,0.07403310388326645,0.03624063357710838,0.07540366053581238,0.00028185019618831575,0.1516917198896408,0.9563987255096436,5.303293073666282e-05,0.003351381979882717,0.049357470124959946,0.07606726139783859,0.00613578874617815,0.0030496902763843536,0.0167734045535326,0.0003770713519770652,0.0160665363073349,0.047974053770303726,0.05255218222737312,0.008405123837292194,0.002867014380171895,0.0014132715296000242,0.003988313488662243,0.003020800417289138,0.0017982955323532224,0.009668202139437199,0.16785021126270294,0.0775148868560791,0.04805717244744301,0.002787993988022208,0.008059395477175713,0.006345920730382204,2.4950859369710088e-06,1.6090442613858613e-06,0.0,-0.16294960289534988,0.05237192850014937,0.0443975563122971,0.0,0.0,0.0,0.0,0.0,0.0
1560,-0.15588606795145776,0.047363578762291324,0.05919053739811587,0.00012918007269036025,0.0007717453991062939,0.2556992471218109,0.8900278806686401,0.4660610258579254,0.00011472556070657447,1.547203822838128e-07,1.0345758028051932e-06,0.02631562575697899,0.020884986966848373,0.050115492194890976,0.3469110429286957,0.061971601098775864,0.757583737373352,0.17561954259872437,0.0008117517572827637,0.18894793093204498,0.018279528245329857,0.21529178321361542,0.0923265814781189,0.01963772065937519,0.04951770603656769,0.00011255627759965137,0.039555300027132034,0.9013291001319885,0.00039014630601741374,0.003786207642406225,0.053085844963788986,0.02635912410914898,0.0008422473329119384,0.0004617630038410425,0.0187258068472147,0.000175230554305017,0.005928685888648033,0.015240647830069065,0.01845855452120304,0.0010048197582364082,0.010993685573339462,0.0036415429785847664,0.001585685764439404,0.0021577728912234306,0.0014246765058487654,0.00654089730232954,0.022234035655856133,0.006167492363601923,0.00922358687967062,0.00023648414935451,0.003391287988051772,0.0019535720348358154,1.9629133021226153e-06,4.006799088074331e-07,0.0,-0.15588606795145776,0.047363578762291324,0.05919053739811587,0.0,0.0,0.0,0.0,0.0,0.0
